{"cameraMode":{"drawMode":0,"name":"Shaded","section":"Shading Mode"},"sceneLighting":true,"audioPlay":false,"sceneViewState":{"showFog":true,"showMaterialUpdate":true,"showSkybox":true,"showFlares":true,"showImageEffects":true,"showParticleSystems":true},"in2DMode":false,"pivot":{"x":13.536706924438477,"y":-8.232330322265625,"z":-26.53097915649414},"rotation":{"x":0.024042123928666116,"y":0.9575765132904053,"z":-0.27467381954193118,"w":0.08380672335624695},"size":46.32912826538086,"orthographic":false}